{
  "Monkeytype Homepage" : {
    "transaction" : "Monkeytype Homepage",
    "sampleCount" : 24422,
    "errorCount" : 133,
    "errorPct" : 0.54459095,
    "meanResTime" : 440.9804274834166,
    "medianResTime" : 47.0,
    "minResTime" : 0.0,
    "maxResTime" : 103317.0,
    "pct1ResTime" : 388.0,
    "pct2ResTime" : 1472.9000000000015,
    "pct3ResTime" : 9782.460000000247,
    "throughput" : 0.5057609259281004,
    "receivedKBytesPerSec" : 73.682263891053,
    "sentKBytesPerSec" : 0.05698121614959125
  },
  "Monkeytype Leaderboard" : {
    "transaction" : "Monkeytype Leaderboard",
    "sampleCount" : 22205,
    "errorCount" : 128,
    "errorPct" : 0.5764468,
    "meanResTime" : 587.0125197027717,
    "medianResTime" : 220.0,
    "minResTime" : 0.0,
    "maxResTime" : 117945.0,
    "pct1ResTime" : 518.0,
    "pct2ResTime" : 1095.9500000000007,
    "pct3ResTime" : 8265.730000000043,
    "throughput" : 0.45992123530390616,
    "receivedKBytesPerSec" : 66.9842206159251,
    "sentKBytesPerSec" : 0.05715875428847295
  },
  "Monkeytype Test Page" : {
    "transaction" : "Monkeytype Test Page",
    "sampleCount" : 24414,
    "errorCount" : 141,
    "errorPct" : 0.5775375,
    "meanResTime" : 608.5264602277392,
    "medianResTime" : 222.0,
    "minResTime" : 0.0,
    "maxResTime" : 60211.0,
    "pct1ResTime" : 565.0,
    "pct2ResTime" : 1700.800000000003,
    "pct3ResTime" : 10327.44000000009,
    "throughput" : 0.5056379647912442,
    "receivedKBytesPerSec" : 73.64184337492927,
    "sentKBytesPerSec" : 0.0589122323483286
  },
  "Monkeytype Settings" : {
    "transaction" : "Monkeytype Settings",
    "sampleCount" : 24408,
    "errorCount" : 145,
    "errorPct" : 0.5940675,
    "meanResTime" : 613.2589314978703,
    "medianResTime" : 222.0,
    "minResTime" : 0.0,
    "maxResTime" : 84475.0,
    "pct1ResTime" : 578.9000000000015,
    "pct2ResTime" : 1768.8500000000022,
    "pct3ResTime" : 10133.700000000048,
    "throughput" : 0.5055819180971792,
    "receivedKBytesPerSec" : 73.62159918069133,
    "sentKBytesPerSec" : 0.060859105563901256
  },
  "Total" : {
    "transaction" : "Total",
    "sampleCount" : 117659,
    "errorCount" : 668,
    "errorPct" : 0.56774235,
    "meanResTime" : 563.8550812092601,
    "medianResTime" : 309.0,
    "minResTime" : 0.0,
    "maxResTime" : 117945.0,
    "pct1ResTime" : 5005.9000000000015,
    "pct2ResTime" : 9335.750000000004,
    "pct3ResTime" : 26125.31000000027,
    "throughput" : 2.436525900359988,
    "receivedKBytesPerSec" : 354.8917339481659,
    "sentKBytesPerSec" : 0.2888190255666446
  },
  "Monkeytype Profile" : {
    "transaction" : "Monkeytype Profile",
    "sampleCount" : 22210,
    "errorCount" : 121,
    "errorPct" : 0.5447996,
    "meanResTime" : 572.4177847816311,
    "medianResTime" : 221.0,
    "minResTime" : 0.0,
    "maxResTime" : 80209.0,
    "pct1ResTime" : 522.0,
    "pct2ResTime" : 1113.0,
    "pct3ResTime" : 8608.44000000009,
    "throughput" : 0.45993996427047196,
    "receivedKBytesPerSec" : 67.00784355947295,
    "sentKBytesPerSec" : 0.05494571113205473
  }
}