{
  "Google Maps-0" : {
    "transaction" : "Google Maps-0",
    "sampleCount" : 25141,
    "errorCount" : 0,
    "errorPct" : 0.0,
    "meanResTime" : 595.3081420786755,
    "medianResTime" : 481.0,
    "minResTime" : 81.0,
    "maxResTime" : 29488.0,
    "pct1ResTime" : 678.0,
    "pct2ResTime" : 869.0,
    "pct3ResTime" : 3421.75000000004,
    "throughput" : 0.5116838273046629,
    "receivedKBytesPerSec" : 0.6192922886147529,
    "sentKBytesPerSec" : 0.2046183643414153
  },
  "Google Search" : {
    "transaction" : "Google Search",
    "sampleCount" : 38992,
    "errorCount" : 38992,
    "errorPct" : 100.0,
    "meanResTime" : 295.42049651210425,
    "medianResTime" : 173.0,
    "minResTime" : 0.0,
    "maxResTime" : 60004.0,
    "pct1ResTime" : 364.0,
    "pct2ResTime" : 808.9500000000007,
    "pct3ResTime" : 4570.950000000008,
    "throughput" : 0.7935051425002307,
    "receivedKBytesPerSec" : 1.3285969820219252,
    "sentKBytesPerSec" : 0.37905091029210886
  },
  "Google Maps-2" : {
    "transaction" : "Google Maps-2",
    "sampleCount" : 269,
    "errorCount" : 4,
    "errorPct" : 1.4869889,
    "meanResTime" : 1293.1933085501857,
    "medianResTime" : 301.0,
    "minResTime" : 83.0,
    "maxResTime" : 30617.0,
    "pct1ResTime" : 1378.0,
    "pct2ResTime" : 10640.5,
    "pct3ResTime" : 30182.100000000006,
    "throughput" : 0.005483621025360891,
    "receivedKBytesPerSec" : 0.9377162360967528,
    "sentKBytesPerSec" : 0.002188284422814334
  },
  "Google Maps-1" : {
    "transaction" : "Google Maps-1",
    "sampleCount" : 25141,
    "errorCount" : 24872,
    "errorPct" : 98.93003,
    "meanResTime" : 270.1808997255493,
    "medianResTime" : 94.0,
    "minResTime" : 76.0,
    "maxResTime" : 68803.0,
    "pct1ResTime" : 269.0,
    "pct2ResTime" : 515.0,
    "pct3ResTime" : 3180.9600000000064,
    "throughput" : 0.5116529618389436,
    "receivedKBytesPerSec" : 1.8886592187341036,
    "sentKBytesPerSec" : 0.2713613281537383
  },
  "Google Maps-3" : {
    "transaction" : "Google Maps-3",
    "sampleCount" : 23,
    "errorCount" : 23,
    "errorPct" : 100.0,
    "meanResTime" : 625.3478260869565,
    "medianResTime" : 142.0,
    "minResTime" : 91.0,
    "maxResTime" : 4898.0,
    "pct1ResTime" : 2720.000000000001,
    "pct2ResTime" : 4499.199999999994,
    "pct3ResTime" : 4898.0,
    "throughput" : 4.7519017627365535E-4,
    "receivedKBytesPerSec" : 0.0017595272118067651,
    "sentKBytesPerSec" : 2.583362354368157E-4
  },
  "Google Homepage" : {
    "transaction" : "Google Homepage",
    "sampleCount" : 38997,
    "errorCount" : 173,
    "errorPct" : 0.44362387,
    "meanResTime" : 686.1917326973887,
    "medianResTime" : 359.0,
    "minResTime" : 0.0,
    "maxResTime" : 76164.0,
    "pct1ResTime" : 1027.0,
    "pct2ResTime" : 2328.0,
    "pct3ResTime" : 10213.980000000003,
    "throughput" : 0.7935812813066462,
    "receivedKBytesPerSec" : 13.86263799144419,
    "sentKBytesPerSec" : 0.31531340641839717
  },
  "Monkeytype Profile" : {
    "transaction" : "Monkeytype Profile",
    "sampleCount" : 4,
    "errorCount" : 0,
    "errorPct" : 0.0,
    "meanResTime" : 3350.5,
    "medianResTime" : 2632.0,
    "minResTime" : 614.0,
    "maxResTime" : 7524.0,
    "pct1ResTime" : 7524.0,
    "pct2ResTime" : 7524.0,
    "pct3ResTime" : 7524.0,
    "throughput" : 0.24084778420038536,
    "receivedKBytesPerSec" : 35.27890831978564,
    "sentKBytesPerSec" : 0.028929958453757225
  },
  "Google News-0" : {
    "transaction" : "Google News-0",
    "sampleCount" : 25148,
    "errorCount" : 0,
    "errorPct" : 0.0,
    "meanResTime" : 224.29131541275797,
    "medianResTime" : 117.0,
    "minResTime" : 101.0,
    "maxResTime" : 17372.0,
    "pct1ResTime" : 434.0,
    "pct2ResTime" : 475.0,
    "pct3ResTime" : 1606.9900000000016,
    "throughput" : 0.5120568747198735,
    "receivedKBytesPerSec" : 0.6677291280294289,
    "sentKBytesPerSec" : 0.23125785164352378
  },
  "Google News-1" : {
    "transaction" : "Google News-1",
    "sampleCount" : 25148,
    "errorCount" : 30,
    "errorPct" : 0.11929378,
    "meanResTime" : 995.0423890567812,
    "medianResTime" : 559.0,
    "minResTime" : 270.0,
    "maxResTime" : 165138.0,
    "pct1ResTime" : 1455.9000000000015,
    "pct2ResTime" : 2534.9500000000007,
    "pct3ResTime" : 10157.900000000016,
    "throughput" : 0.5119238063257155,
    "receivedKBytesPerSec" : 883.2964119703001,
    "sentKBytesPerSec" : 0.24592080977855488
  },
  "Google Images" : {
    "transaction" : "Google Images",
    "sampleCount" : 38985,
    "errorCount" : 38985,
    "errorPct" : 100.0,
    "meanResTime" : 613.5873284596629,
    "medianResTime" : 330.0,
    "minResTime" : 0.0,
    "maxResTime" : 65125.0,
    "pct1ResTime" : 852.0,
    "pct2ResTime" : 2029.8500000000022,
    "pct3ResTime" : 8875.660000000054,
    "throughput" : 0.7934302308009881,
    "receivedKBytesPerSec" : 1.3286788857182152,
    "sentKBytesPerSec" : 0.37947418469370614
  },
  "Google Maps" : {
    "transaction" : "Google Maps",
    "sampleCount" : 25252,
    "errorCount" : 25010,
    "errorPct" : 99.04166,
    "meanResTime" : 1542.140780928245,
    "medianResTime" : 600.0,
    "minResTime" : 0.0,
    "maxResTime" : 927244.0,
    "pct1ResTime" : 944.0,
    "pct2ResTime" : 1630.0,
    "pct3ResTime" : 8649.800000000032,
    "throughput" : 0.5139066263082136,
    "receivedKBytesPerSec" : 3.451094827824236,
    "sentKBytesPerSec" : 0.4784015038764519
  },
  "Monkeytype Homepage" : {
    "transaction" : "Monkeytype Homepage",
    "sampleCount" : 3,
    "errorCount" : 0,
    "errorPct" : 0.0,
    "meanResTime" : 1145.6666666666665,
    "medianResTime" : 1268.0,
    "minResTime" : 85.0,
    "maxResTime" : 2084.0,
    "pct1ResTime" : 2084.0,
    "pct2ResTime" : 2084.0,
    "pct3ResTime" : 2084.0,
    "throughput" : 0.17372169784006022,
    "receivedKBytesPerSec" : 25.44389513000174,
    "sentKBytesPerSec" : 0.019679411083444325
  },
  "Monkeytype Leaderboard" : {
    "transaction" : "Monkeytype Leaderboard",
    "sampleCount" : 4,
    "errorCount" : 0,
    "errorPct" : 0.0,
    "meanResTime" : 412.0,
    "medianResTime" : 312.0,
    "minResTime" : 251.0,
    "maxResTime" : 773.0,
    "pct1ResTime" : 773.0,
    "pct2ResTime" : 773.0,
    "pct3ResTime" : 773.0,
    "throughput" : 0.37030179596371043,
    "receivedKBytesPerSec" : 54.24053416034068,
    "sentKBytesPerSec" : 0.046287724495463804
  },
  "Monkeytype Test Page" : {
    "transaction" : "Monkeytype Test Page",
    "sampleCount" : 2,
    "errorCount" : 0,
    "errorPct" : 0.0,
    "meanResTime" : 375.5,
    "medianResTime" : 375.5,
    "minResTime" : 274.0,
    "maxResTime" : 477.0,
    "pct1ResTime" : 477.0,
    "pct2ResTime" : 477.0,
    "pct3ResTime" : 477.0,
    "throughput" : 0.7659900421294523,
    "receivedKBytesPerSec" : 112.19771818747606,
    "sentKBytesPerSec" : 0.08976445806204518
  },
  "Monkeytype Settings" : {
    "transaction" : "Monkeytype Settings",
    "sampleCount" : 2,
    "errorCount" : 0,
    "errorPct" : 0.0,
    "meanResTime" : 558.0,
    "medianResTime" : 558.0,
    "minResTime" : 490.0,
    "maxResTime" : 626.0,
    "pct1ResTime" : 626.0,
    "pct2ResTime" : 626.0,
    "pct3ResTime" : 626.0,
    "throughput" : 0.7064641469445425,
    "receivedKBytesPerSec" : 103.48595902507948,
    "sentKBytesPerSec" : 0.0855483927940657
  },
  "Total" : {
    "transaction" : "Total",
    "sampleCount" : 268357,
    "errorCount" : 128217,
    "errorPct" : 47.77852,
    "meanResTime" : 742.7392130631941,
    "medianResTime" : 777.0,
    "minResTime" : 0.0,
    "maxResTime" : 928303.0,
    "pct1ResTime" : 5273.800000000003,
    "pct2ResTime" : 9216.800000000003,
    "pct3ResTime" : 24296.01000000016,
    "throughput" : 5.460799482516517,
    "receivedKBytesPerSec" : 1790.7469251161478,
    "sentKBytesPerSec" : 2.984368809290404
  },
  "Google News" : {
    "transaction" : "Google News",
    "sampleCount" : 25246,
    "errorCount" : 128,
    "errorPct" : 0.507011,
    "meanResTime" : 1797.2075180226566,